name,original_url,cover_url,cover_type
tamil_song_01,https://www.youtube.com/watch?v=d_sCiAru86w,https://www.youtube.com/watch?v=ns6unw3VWCY,piano
tamil_song_02,https://www.youtube.com/watch?v=XJF7twnoN4A,https://www.youtube.com/watch?v=WF8-VgJwDDE,piano
tamil_song_03,https://www.youtube.com/watch?v=VhKz3PF9iw4,https://www.youtube.com/watch?v=nh2SVXpwgSo,piano
tamil_song_04,https://www.youtube.com/watch?v=fUrwo61b3Dg,https://www.youtube.com/watch?v=-wkvt3Oi3CE,piano
tamil_song_05,https://www.youtube.com/watch?v=Whe6IIBW2Hs,https://www.youtube.com/watch?v=_fDRLL7M8tM,piano
tamil_song_06,https://www.youtube.com/watch?v=U7twY4U73Bw,https://www.youtube.com/watch?v=RoRPp49mTGE,piano
tamil_song_07,https://www.youtube.com/watch?v=ea-He8tVJ80,https://www.youtube.com/watch?v=4OLsT4NzO6s,piano
tamil_song_08,https://www.youtube.com/watch?v=FzLpP8VBC6E,https://www.youtube.com/watch?v=HXZqiOCWDP0,piano
tamil_song_09,https://www.youtube.com/watch?v=fYkQzTAx3Yo,https://www.youtube.com/watch?v=AU2Hl-Ym1-Q,piano
tamil_song_10,https://www.youtube.com/watch?v=s20GxxYUhfA,https://www.youtube.com/watch?v=_TgJmqIUl9o,piano
tamil_song_11,https://www.youtube.com/watch?v=_-pdljs3KJA,https://www.youtube.com/watch?v=w-QlWXy5vsQ,piano
tamil_song_12,https://www.youtube.com/watch?v=2R0uOHTEFJE,https://www.youtube.com/watch?v=p6SIDlqIC-4,piano
tamil_song_13,https://www.youtube.com/watch?v=1RCrm82MO3E,https://www.youtube.com/watch?v=DQqC-iR9YwU,piano
tamil_song_14,https://www.youtube.com/watch?v=K9jQm0FZZ98,https://www.youtube.com/watch?v=My6ll9W2FJc,piano
tamil_song_15,https://www.youtube.com/watch?v=tqyOsX2llRc,https://www.youtube.com/watch?v=OUqzd4R8Xa4,mixed
tamil_song_16,https://www.youtube.com/watch?v=s_4HQnCki4o,https://www.youtube.com/watch?v=ZFj3fn8AeGk,piano
tamil_song_17,https://www.youtube.com/watch?v=K690B6gFJ9k,https://www.youtube.com/watch?v=3et-bohjyx4,piano
tamil_song_18,https://www.youtube.com/watch?v=YlymYnShOLw,https://www.youtube.com/watch?v=q9rx82Qsis0,piano
tamil_song_19,https://www.youtube.com/watch?v=jCafZht8yMA,https://www.youtube.com/watch?v=fi-OtkeU_Lc,piano
tamil_song_20,https://www.youtube.com/watch?v=s-1_HtGyth0,https://www.youtube.com/watch?v=KLK6zeycLO4,piano
auto_021_nenjukkul_peidhidum_vinnaithaandi_varuva,https://www.youtube.com/watch?v=FzLpP8VBC6E,https://www.youtube.com/watch?v=y7K08gHgFwE,piano
auto_022_munbe_vaa_sillunu_oru,https://www.youtube.com/watch?v=DpEQLNotgzY,https://www.youtube.com/watch?v=4LzPN1bvNvA,piano
auto_023_uyirin_uyire_kaakha_kaakha,https://www.youtube.com/watch?v=uDY7s3hwn_A,https://www.youtube.com/watch?v=ej8U21eBK0Y,piano
auto_024_kannazhaga_moonu,https://www.youtube.com/watch?v=mEYVfy8MvZ0,https://www.youtube.com/watch?v=bH9AleGsB74,piano
auto_025_kadhal_rojave_roja,https://www.youtube.com/watch?v=skqEJTls7e8,https://www.youtube.com/watch?v=LKrmheqLbqU,piano
auto_026_thendral_vanthu_theendum_pothu,https://www.youtube.com/watch?v=938H2Xkthqk,https://www.youtube.com/watch?v=oOjcIaF6s_w,piano
auto_027_oru_maalai_ghajini,https://www.youtube.com/watch?v=RkITcpEdcKA,https://www.youtube.com/watch?v=PsJebn6Exm8,piano
auto_028_pudhu_vellai_mazhai_roja,https://www.youtube.com/watch?v=cCJ14l7DMVQ,https://www.youtube.com/watch?v=5kqmnBvfv2A,piano
auto_029_roja_jaaneman_roja,https://www.youtube.com/watch?v=PjiitGT4fUA,https://www.youtube.com/watch?v=6I-PNZ3h8sw,piano
auto_030_en_iniya_pon_nilave,https://www.youtube.com/watch?v=zsV-QOtM1rI,https://www.youtube.com/watch?v=9d6VWBE4D54,piano
auto_031_snehithane_alaipayuthey,https://www.youtube.com/watch?v=kmG_v9FhAXg,https://www.youtube.com/watch?v=jE-mTL04FNs,piano
auto_032_mannipaaya_vinnaithaandi_varuvaaya,https://www.youtube.com/watch?v=0iXBOpUkx-0,https://www.youtube.com/watch?v=uGwJo0TGdME,piano
auto_033_adiye_180,https://www.youtube.com/watch?v=HRIIzYjKuM8,https://www.youtube.com/watch?v=7J9hoNxohbo,piano
auto_034_yennamo_yedho_kadal,https://www.youtube.com/watch?v=9yYhAWn1yt0,https://www.youtube.com/watch?v=LcaD2FLjqUw,piano
auto_035_kannaana_kanney_viswasam,https://www.youtube.com/watch?v=I76qt1f7Mdo,https://www.youtube.com/watch?v=LwIonbR8RD8,piano
auto_036_oh_penne_vaalee,https://www.youtube.com/watch?v=As9K2d17XCg,https://www.youtube.com/watch?v=HT-Smzr5aUw,piano
auto_037_poove_sempoove_muthu,https://www.youtube.com/watch?v=1XV8ir08J7Q,https://www.youtube.com/watch?v=coqrtq9d7y8,piano
auto_038_kaadhal_mannan_kaadhal_mannan,https://www.youtube.com/watch?v=C9t7ZfK215w,https://www.youtube.com/watch?v=CXv-Vk1dHmU,piano
auto_039_thanga_magan_thanga_magan,https://www.youtube.com/watch?v=ZZr0Yw1ylYE,https://www.youtube.com/watch?v=OMuA3bgCHDc,piano
auto_040_nee_paartha_vizhigal,https://www.youtube.com/watch?v=sZksJJ0169M,https://www.youtube.com/watch?v=wTWPKoTbtNA,piano
auto_041_inji_iduppazhagi_3,https://www.youtube.com/watch?v=PkR_uQVFTeE,https://www.youtube.com/watch?v=cnuGT6Zq4AM,piano
auto_042_chikku_bukku_rayile,https://www.youtube.com/watch?v=S61L1fpqFXE,https://www.youtube.com/watch?v=HIgGCHqZqe8,piano
auto_043_putham_pudhu_kaalai,https://www.youtube.com/watch?v=rElxu7BR0Kc,https://www.youtube.com/watch?v=OrUPuc4jT9w,piano
auto_044_en_aasai_machan_subramaniapuram,https://www.youtube.com/watch?v=Fz6laNjCr4c,https://www.youtube.com/watch?v=HrTmeK9b-_E,piano
auto_045_aalaporaan_tamizhan_mersal,https://www.youtube.com/watch?v=3XmrZaVVUpc,https://www.youtube.com/watch?v=Q81JT8bu1rI,piano
auto_046_kuyil_paatu_mani_ratnam,https://www.youtube.com/watch?v=6dYsjeWjBks,https://www.youtube.com/watch?v=jgY970dEJRE,piano
auto_047_mudhal_murai_paarthein,https://www.youtube.com/watch?v=20oX3LsLKpk,https://www.youtube.com/watch?v=idoveDYcn30,piano
auto_048_rajavin_parvaiyile_rajinikanth,https://www.youtube.com/watch?v=pO5wO9tMeIA,https://www.youtube.com/watch?v=y10ZxcKJigs,piano
auto_049_ninaithale_inikkum_classic_tamil,https://www.youtube.com/watch?v=G0fJmoD7iXw,https://www.youtube.com/watch?v=4Kkf9apfJTE,piano
auto_050_keladi_kanmani_keladi_kanmani,https://www.youtube.com/watch?v=4qZHOjaL7XI,https://www.youtube.com/watch?v=Nnta7YaO5ak,piano
auto_051_saayndhu_saayndhu_vaa,https://www.youtube.com/watch?v=EProGz3GsNg,https://www.youtube.com/watch?v=MFt9dluQgAQ,piano
auto_052_andangkaka_kaaki_sattai,https://www.youtube.com/watch?v=fn8f9mA0tso,https://www.youtube.com/watch?v=witl2JodL4s,piano
auto_053_venmegam_kanden_kadhalai,https://www.youtube.com/watch?v=e_GJHaYTiQ8,https://www.youtube.com/watch?v=lCT_NlJobZE,piano
auto_054_irandaam_ulagam_title_song,https://www.youtube.com/watch?v=psRkTSS_g6I,https://www.youtube.com/watch?v=VDrlJ09gpSk,piano
auto_055_kadhal_sadugudu_alaipayuthey,https://www.youtube.com/watch?v=R-ncB1hnEus,https://www.youtube.com/watch?v=rre4-1C98Kk,piano
auto_056_oh_maname_minsara_kanavu,https://www.youtube.com/watch?v=XyOXrwl9QYU,https://www.youtube.com/watch?v=VTRtW_DNt6c,piano
auto_057_unnai_kaanadhu_naan,https://www.youtube.com/watch?v=p7GmO8ewjmw,https://www.youtube.com/watch?v=s5B3Hl7DHqA,piano
auto_058_vaa_vaa_anbe_anbe,https://www.youtube.com/watch?v=eNQfa3lNNJA,https://www.youtube.com/watch?v=k0V1jY2Trr0,piano
auto_059_kannamoochi_yenada_kandukonden,https://www.youtube.com/watch?v=Vbuqw3PcvCs,https://www.youtube.com/watch?v=dPEwLVbg1j0,piano
auto_060_enna_solla_pogirai_kandukondein,https://www.youtube.com/watch?v=5_eAAZ9CgHA,https://www.youtube.com/watch?v=Y976hP0Ra0M,piano
auto_061_panivizhum_malarvanam_mouna_ragam,https://www.youtube.com/watch?v=-8v8gZaR09c,https://www.youtube.com/watch?v=KDcJp7oJz1U,piano
auto_062_mazhai_kuruvi_azhagan,https://www.youtube.com/watch?v=J5jLiEC8uRE,https://www.youtube.com/watch?v=C7k9ni1fCjI,piano
